-- phpMyAdmin SQL Dump
-- version 4.1.14
-- http://www.phpmyadmin.net
--
-- Client :  127.0.0.1
-- Généré le :  Jeu 07 Avril 2016 à 15:37
-- Version du serveur :  5.6.17
-- Version de PHP :  5.5.12

SET SQL_MODE = "NO_AUTO_VALUE_ON_ZERO";
SET time_zone = "+00:00";


/*!40101 SET @OLD_CHARACTER_SET_CLIENT=@@CHARACTER_SET_CLIENT */;
/*!40101 SET @OLD_CHARACTER_SET_RESULTS=@@CHARACTER_SET_RESULTS */;
/*!40101 SET @OLD_COLLATION_CONNECTION=@@COLLATION_CONNECTION */;
/*!40101 SET NAMES utf8 */;

--
-- Base de données :  `lesziagsdb`
--

-- --------------------------------------------------------

--
-- Contenu de la table `address`
--

INSERT INTO `address` (`address_idaddress`, `address_country`,`address_city`, `address_zipcode`, `address_street`, `address_streetnumber`) VALUES
('009896279221864', 'France', 'Trébeurden', 22560, 'Chemin de Kerglet', 8),
('026170214957147', 'France', 'Montargis', 45200, 'Rue Dorée', 89),
('032264298582877', 'France', 'Paris', 75010, 'Place Franz Liszt', 9),
('038260105957743', 'France', 'Paris', 75010, 'Rue de Maubeuge', 15),
('040429337816200', 'France', 'Meulin', 77000, 'Avenue de Corbeil', 20),
('091169612337523', 'France', 'Plougasnou', 29630, 'Rue du Méjou', 87),
('121833146454724', 'France', 'Paris', 75010, 'Rue des petites écuries', 63),
('145103856490457', 'France', 'Paris', 75010, 'Rue de Chantilly', 36),
('146763780528467', 'France', 'Paris', 75010, 'Rue des Messageries', 3),
('165912154976341', 'France', 'Brest', 29200, 'Rue Frégate La Boussole', 2),
('269587528770834', 'France', 'Paris', 75010, 'Bd de Strasbourg', 49),
('269851160845870', 'France', 'Dunkerque', 59240, 'Rue Victor Hugo', 42),
('271867786123387', 'France', 'Ploulec''h', 22300, 'Route deKerjean', 9),
('295716028850471', 'France', 'Paris', 75010, 'Rue des petits hotels', 16),
('360317530472427', 'France', 'Paris', 75006, 'Rue du rendez vous', 15),
('362737686163796', 'France', 'Concarneau', 29900, 'Rue de Kernéac''h', 97),
('414296330945393', 'France', 'Paris', 75010, 'Rue de l''Aqueduc', 25),
('435645159724179', 'France', 'Paris', 75009, 'Rue de paradis', 17),
('468104831805463', 'France', 'Kerdoualen', 29350, 'Rue Kreiz Ker', 78),
('496231043648489', 'France', 'Ploubazlanec', 22620, 'Route du Kergadou', 7),
('585751812538144', 'France', 'Paris', 75010, 'Rue de Chabrol', 13),
('616313062291924', 'France', 'Lannion', 22304, 'Rue du Muguet', 17),
('647824035675872', 'France', 'Trévou-Tréguinec', 22660, 'Rue de Kerguanton', 87),
('663145897106551', 'France', 'Kerguillaouët', 29920, 'Rue Hent Sabi', 3),
('724804918701903', 'France', 'Plouguerneau', 29880, 'Route de Kerveogan', 15),
('770660610347488', 'France', 'Paris', 75012, 'Rue du Château Landon', 2),
('829703239777510', 'France', 'Paris', 75010, 'Rue La Fayette', 167),
('947700400308851', 'France', 'Perros-Guirec', 22700, 'Route du Kern', 49),
('955080830101260', 'France', 'Paris', 75010, 'Bd de magenta', 160),
('969099328400804', 'France', 'Reims', 51120, 'Rue Charlier', 9),
('978005941621402', 'France', 'Ploudalmézeau', 29830, 'Avenue de Kerlech', 9),
('987586587946417', 'France', 'Grenoble', 38100, 'Rue du Vercors', 5);

-- --------------------------------------------------------

--
-- Contenu de la table `admin`
--

INSERT INTO `admin` (`admin_idadmin`, `admin_clearancelevel`, `admin_connectionid`, `admin_password`, `admin_firstname`, `admin_lastname`) VALUES
('822456392446873','admin', 'evansuau', 'evansuaupass', 'Evan', 'Suau'),
('861950338236232', 'operator', 'alexbenoit', 'alexbenoitpass', 'Alex', 'Benoit');

-- --------------------------------------------------------

--
-- Contenu de la table `booking`
--

INSERT INTO `booking` (`booking_idbooking`, `booking_idroom`, `booking_idclient`, `booking_idpayment`, `booking_datestart`, `booking_dateend`, `booking_nbnights`, `booking_price`, `booking_canceled`) VALUES
('053486066036814', '351121263345080', '283791560284425', '010676039744280', '2015-09-21', '2015-09-28', 7, 350, 0),
('106655764889758', '899138560777141', '909045727040064', '711628009521170', '2015-07-08', '2015-07-22', 14, 720, 0),
('109717999367007', '416150266523157', '811427430581563', '667621298949090', '2016-02-13', '2016-02-20', 7, 280, 0),
('116209544503021', '327476087102722', '221555694418456', '490534052675015', '2016-01-06', '2016-01-08', 2, 40, 1),
('156368688111489', '295931517461477', '080982148937646', '229385541253565', '2016-01-01', '2016-04-15', 14, 420, 1),
('219064338136745', '899138560777141', '710993230597843', '965587294581444', '2016-02-03', '2016-02-04', 2, 90, 0),
('250032969873267', '697525904599998', '547973475026363', '096957435434728', '2015-10-01', '2015-10-02', 1, 45, 0),
('268831104860215', '359980084806378', '524246277730405', '243898195833828', '2016-01-16', '2016-01-30', 14, 560, 1),
('547548960464819', '351121263345080', '483515114342363', '015655602874901', '2016-01-21', '2016-01-28', 7, 350, 0),
('570849879610452', '363068395727716', '769848677015631', '757505102746391', '2015-08-15', '2015-08-29', 14, 1050, 0),
('634896724603988', '729078067450345', '570989037607457', '415404748906350', '2016-04-28', '2016-04-29', 2, 120, 0),
('674766211553117', '284670491116657', '321175600175094', '874105267486296', '2015-03-11', '2015-03-25', 14, 280, 0),
('682937542235186', '133736476874872', '759341617103113', '468159171102942', '2015-07-01', '2015-07-08', 7, 280, 0),
('684100734059023', '295931517461477', '056675492090332', '785389699301768', '2016-01-03', '2016-04-15', 12, 480, 1),
('685482943806137', '729078067450345', '616592489513199', '105655703505521', '2015-08-15', '2015-08-22', 7, 560, 0),
('686604975627700', '534938849246982', '128337331996824', '490285460542367', '2015-09-10', '2015-09-11', 1, 60, 0),
('731058976370435', '133736476874872', '002575809122241', '706498103662680', '2015-09-01', '2015-09-07', 7, 210, 0),
('738158940885836', '327476087102722', '798954631549334', '872563634024260', '2015-08-01', '2015-08-15', 14, 420, 1),
('846167606388504', '899138560777141', '070664366577056', '801712608410498', '2016-02-16', '2016-02-19', 3, 135, 0),
('873029225069454', '327476087102722', '955474215314800', '318429907657090', '2016-02-10', '2016-04-24', 14, 280, 0);

-- --------------------------------------------------------

-- --------------------------------------------------------

--
-- Contenu de la table `client`
--

INSERT INTO `client` (`client_idclient`, `client_firstname`, `client_lastname`, `client_idaddress`, `client_cellphone`, `client_fbaccount`, `client_mail`, `client_gender`, `client_age`, `client_clientid`, `client_clientpass`) VALUES
('002575809122241', 'Bruce', 'Lee', '360317530472427', '0681467320', '296588003496600', 'brucelee@gmail.com', 'Mr', 57, 'bruceleeid', 'bruceleepass'),
('056675492090332', 'Harvey', 'Keitel', '468104831805463', '0658267391', '565296307602995', 'harveykeitel@gmail.com', 'Mr', 46, 'harveykeitelid', 'harveykeitelpass'),
('069959128031004', 'Gary', 'Daniels', '724804918701903', '0621803794', '911551207783870', 'Gary.daniels@gmail.com', 'Mr', 52, 'garydanielsid', 'garydanielspass')
('070664366577056', 'Antonio', 'Banderas', '269587528770834', '0632067984', '731086030942969', 'AntonioBanderas@gmail.com', 'Mr', 49, 'antoniobanderasid', 'antoniobanderaspass'),
('080982148937646', 'Kelsey', 'Grammer', '496231043648489', '0624751389', '0646759832116983', 'Kelseygrammer@hotmail.fr', 'Mr', 48, 'kelseygrammerid', 'kelseygrammepass'),
('128337331996824', 'Jason', 'Statham', '435645159724179', '0607428659', '539356055332969', 'JAsonstatham@gmail.com', 'Mr', 63, 'jasonstathamid', 'jasonstathampass'),
('193218678256004', 'Chuck', 'Norris', '829703239777510', '0672913850', '420059607638169', 'Chucknorris@gmail.com', 'Mr', 58, 'chucknorrisid', 'chucknorrispass'),
('221555694418456', 'Silvester', 'Stalone', '295716028850471', '0661730952', '540825896536158', 'Silvesterstalone@gmail.com', 'Mr', 30, 'silvesterstaloneid', 'sivesterstalonepass'),
('225930639501410', 'Danny', 'Trejo', '663145897106551', '0630164798', '735120261447556', 'Danytrejo@gmail.com', 'Mr', 0, 'dannytreajoid', 'dannytrejopass'),
('263675434720337', 'Glenn', 'Powell', '145103856490457', '0648726519', '766423285006838', 'glennpwell@gmail.com', 'Mr', 50, 'glennpowellid', 'glenpowellpass'),
('272220468028796', 'Eric', 'Roberts', '362737686163796', '0682365097', '260155646564611', 'ericroberts@gmail.com', 'Mr', 48, 'ericrobertsid', 'ericrobertpass'),
('283791560284425', 'Scott', 'Adkins', '091169612337523', '0676215840', '586834409970449', 'scottadkins@gmail.com', 'Mr', 67, 'scottadkinsid', 'scottadkinspass'),
('313020643710768', 'Harrison', 'Ford', '955080830101260', '0642983510', '862965144098101', 'harrissonford@gmail.com', 'Mr', 67, 'harrissonfordid', 'harrissonfordpass'),
('321175600175094', 'Randy', 'Couture', '026170214957147', '0683725019', '700224729731519', 'randycouture@gmail.Com', 'Mr', 39, 'randycoutureid', 'randycouturepass'),
('474950637810686', 'David', 'Zayas', '616313062291924', '0605623819', '978437230192585', 'Davidzayas@gmail.com', 'Mr', 58, 'davidzayasid', 'davidzayaspass'),
('483515114342363', 'Willem', 'Dafoe', '585751812538144', '0678943250', '300155151184955', 'willemdafoe@gmail.com', 'Mr', 64, 'willemdafoeid', 'willemdafoepass'),
('484689839128899', 'Victor', 'Ortiz', '271867786123387', '0654807629', '975734163814290', 'victorornitz@gmail.com', 'Mr', 57, 'victorortizid', 'victorortizpass'),
('524246277730405', 'Yu', 'Nan', '947700400308851', '0620168543', '458669858876989', 'yunan@gmail.com', 'Mr', 52, 'yunanid', 'yunanpass'),
('547973475026363', 'Arnold', 'Schwarzenegger', '121833146454724', '0676015324', '613388592555260', 'arnoldschwarzenegger@gmail.com', 'Mr', 69, 'arnoldschwarzenneger', 'arnoldschwarzenneger'),
('568837043354025', 'Ronda', 'Rousey', '978005941621402', '0705863942', '890137817406411', 'rondarousey@gmail.com', 'Mrs', 36, 'rondarouseyid', 'rondarouseypass'),
('570989037607457', 'Kellan', 'Lutz', '969099328400804', '0689024716', '091737144461597', 'kellanlutz@gmail.com', 'Mr', 58, 'kellanlutzid', 'kellanlutzpass'),
('578591030154579', 'Mel', 'Gibson', '040429337816200', '0657130284', '993452233555887', 'melgibson@gmail.com', 'Mr', 66, 'melgibsonid', 'melgibsonpass'),
('616592489513199', 'Charisma', 'Carpenter', '009896279221864', '0630792685', '164738615490816', 'charismacarpenter@gmail.com', 'Mrs', 55, 'charismacarpenterid', 'charismacarpenterpas'),
('633283314208448', 'Mickey', 'Rourke', '414296330945393', '0607192483', '372663597260927', 'mickeyrourke@gmail.com', 'Mr', 59, 'mickeyrourkeid', 'mickeyrourkepass'),
('710993230597843', 'Liam', 'Hemsworth', '647824035675872', '0695826034', '698648268483524', 'liamhemsworth@gmail.com', 'Mr', 38, 'liamhemsworthid', 'liamhemsworthpass'),
('745634011624345', 'Jet', 'Li', '032264298582877', '0693247850', '426348933397011', 'jetli@gmail.com', 'Mr', 62, 'jetliid', 'jetlipass'),
('759341617103113', 'Bruce', 'Willis', '146763780528467', '0613490625', '368722331783690', 'brucewillis@gmail.com', 'Mr', 64, 'brucewillisid', 'brucewillispass'),
('769848677015631', 'Giselle', 'Itié', '165912154976341', '0658976302', '522520410546248', 'giselleitié@gmail.com', 'Mrs', 43, 'giselleitiéid', 'giselleitié'),
('798954631549334', 'Olga', 'Kurylenko', '770660610347488', '0646059823', '475160082689625', 'olgakurylenko@gmail.com', 'Mrs', 47, 'olgakurylenkoid', 'olgakurylenkopass'),
('811427430581563', 'Terry', 'Crews', '987586587946417', '0732587610', '677275666469484', 'terrycrews@gmail.com', 'Mr', 67, 'terrycrewsid', 'terrycrewspass'),
('909045727040064', 'Wesley', 'Snipes', '269851160845870', '0659417682', '933970678408051', 'wesleysnipes@gmail.com', 'Mr', 36, 'wesleyspinesid', 'wesleyspinespass'),
('955474215314800', 'Jean-Claude', 'Van Damme', '038260105957743', '0656897421', '709610890984187', 'jeanclaude@gmail.com', 'Mr', 64, 'jeanclaudeid', 'jeanclaudepass');

-- --------------------------------------------------------

--
-- Contenu de la table `payment`
--

INSERT INTO `payment` (`payment_idpayment`, `payment_idclient`, `payment_idaddress`, `payment_cardtype`, `payment_cardnb`, `payment_crypto`, `payment_expiration`) VALUES
('010676039744280', '283791560284425', '091169612337523', 'American Express', 5290768951103632, 789, '2017-04-01'),
('015655602874901', '483515114342363', '585751812538144', 'American Express', 6846816165261045, 754, '2017-06-01'),
('066597297425347', '578591030154579', '040429337816200', 'CB', 1195906062936684, 456, '2017-08-01'),
('096957435434728', '547973475026363', '121833146454724', 'CB', 969574354347282, 451, '2017-07-01'),
('105655703505521', '616592489513199', '009896279221864', 'Visa', 7406873412249754, 578, '2018-01-01'),
('124017411102640', '474950637810686', '616313062291924', 'CB', 4347896767544580, 864, '2017-07-01'),
('153968738374330', '313020643710768', '955080830101260', 'Visa', 8976040155882012, 896, '2017-04-01'),
('202616621639366', '633283314208448', '414296330945393', '564', 2621587568844704, 587, '2017-05-01'),
('219950278224041', '272220468028796', '362737686163796', 'CB', 5240164770714545, 122, '2017-04-01'),
('229385541253565', '080982148937646', '496231043648489', 'American Express', 7435576354981609, 889, '2018-02-01'),
('235617494812194', '484689839128899', '271867786123387', 'CB', 5501623172780834, 448, '2017-09-01'),
('243898195833828', '524246277730405', '947700400308851', 'CB', 1596230912857055, 484, '2017-04-01'),
('258954712001948', '568837043354025', '978005941621402', 'Visa', 126976986070549, 598, '2016-07-01'),
('270868830063153', '069959128031004', '724804918701903', 'Visa', 9183699179111089, 147, '2017-05-01'),
('318429907657090', '193218678256004', '829703239777510', 'CB', 9682834284275724, 449, '2017-04-01'),
('340961590906465', '225930639501410', '663145897106551', 'CB', 3334169294340934, 332, '2017-01-01'),
('396608767257425', '263675434720337', '145103856490457', 'CB', 6880247177670167, 788, '2016-12-14'),
('415404748906350', '570989037607457', '969099328400804', 'CB', 4154047485906350, 575, '2017-09-01'),
('468159171102942', '759341617103113', '146763780528467', 'CB', 5609821171831614, 457, '2017-05-01'),
('490285460542367', '128337331996824', '435645159724179', 'Visa', 7082836487241934, 897, '2016-10-01'),
('490534052675015', '221555694418456', '295716028850471', 'American Express', 1157627999062619, 778, '2017-07-01'),
('667621298949090', '811427430581563', '987586587946417', 'CB', 5179517085276154, 579, '2018-01-01'),
('672517619924025', '745634011624345', '032264298582877', 'CB', 249207915700855, 458, '2017-04-01'),
('706498103662680', '002575809122241', '360317530472427', 'CB', 7445423013721788, 486, '2018-01-01'),
('711628009521170', '909045727040064', '269851160845870', 'CB', 9853727015487387, 487, '2017-04-01'),
('757505102746391', '769848677015631', '165912154976341', 'Visa', 1812740347765515, 886, '2017-06-01'),
('785389699301768', '056675492090332', '468104831805463', 'CB', 8509596760168877, 789, '2017-02-01'),
('801712608410498', '070664366577056', '269587528770834', 'Visa', 4506835252369230, 486, '2017-07-01'),
('872563634024260', '798954631549334', '770660610347488', 'CB', 7384944723005114, 578, '2017-06-01'),
('874105267486296', '321175600175094', '026170214957147', 'Visa', 1674711374426608, 112, '2017-02-01'),
('965587294581444', '710993230597843', '647824035675872', 'CB', 8046681982982475, 871, '2017-05-01');

-- --------------------------------------------------------

--
-- Contenu de la table `room`
--

INSERT INTO `room` (`room_idroom`, `room_roomnbr`, `room_floornbr`, `room_bathroom`, `room_type`, `room_view`, `room_capacity`, `room_superficy`, `room_lowpricing`, `room_highpricing`, `room_avaible`) VALUES
('133736476874872', 1, '1', 1, 'simple', 'A86', '1', 20, 30, 40, 1),
('284670491116657', 7, '2', 1, 'double', '', '2', 25, 50, 65, 1),
('295931517461477', 5, '1', 1, 'double', 'A86', '2', 25, 50, 75, 1),
('327476087102722', 11, '2', 1, 'twin', '', '2', 25, 60, 80, 1),
('351121263345080', 4, '1', 0, 'simple', '', '1', 15, 20, 30, 1),
('359980084806378', 12, '2', 0, 'twin', '', '2', 20, 45, 60, 1),
('363068395727716', 10, '2', 0, 'twin', 'A86', '2', 20, 45, 60, 1),
('416150266523157', 8, '2', 0, 'double', '', '2', 20, 40, 50, 1),
('534938849246982', 9, '2', 1, 'twin', 'A86', '2', 25, 60, 80, 1),
('697525904599998', 3, '1', 1, 'simple', '', '1', 20, 30, 40, 1),
('729078067450345', 2, '1', 0, 'simple', 'A86', '1', 15, 20, 30, 1),
('899138560777141', 6, '1', 0, 'double', 'A86', '2', 20, 40, 50, 1);